{
    "./testcases/functional": {
      "00_main-gcc": 1.782283,
      "01_var_defn2-gcc": 1.817783,
      "02_var_defn3-gcc": 1.7530320000000001,
      "03_arr_defn2-gcc": 1.787283,
      "04_arr_defn3-gcc": 1.8050329999999999,
      "05_arr_defn4-gcc": 1.835033,
      "06_const_var_defn2-gcc": 1.797283,
      "07_const_var_defn3-gcc": 1.780533,
      "08_const_array_defn-gcc": 1.797283,
      "09_func_defn-gcc": 1.847784,
      "10_var_defn_func-gcc": 1.956785,
      "11_add2-gcc": 1.805032,
      "12_addc-gcc": 1.785033,
      "13_sub2-gcc": 1.7770329999999999,
      "14_subc-gcc": 2.046287,
      "15_mul-gcc": 1.769282,
      "16_mulc-gcc": 1.793283,
      "17_div-gcc": 1.882034,
      "18_divc-gcc": 1.812282,
      "19_mod-gcc": 1.804532,
      "20_rem-gcc": 1.788782,
      "21_if_test2-gcc": 1.9800360000000001,
      "22_if_test3-gcc": 1.788033,
      "23_if_test4-gcc": 1.791283,
      "24_if_test5-gcc": 1.7827819999999999,
      "25_while_if-gcc": 1.982036,
      "26_while_test1-gcc": 1.799532,
      "27_while_test2-gcc": 1.807032,
      "28_while_test3-gcc": 1.808282,
      "29_break-gcc": 1.814033,
      "30_continue-gcc": 1.7777820000000002,
      "31_while_if_test1-gcc": 2.049537,
      "32_while_if_test2-gcc": 1.784032,
      "33_while_if_test3-gcc": 1.7635319999999999,
      "34_arr_expr_len-gcc": 1.8470330000000001,
      "35_op_priority1-gcc": 1.804532,
      "36_op_priority2-gcc": 1.787032,
      "37_op_priority3-gcc": 1.7770329999999999,
      "38_op_priority4-gcc": 2.0105359999999997,
      "39_op_priority5-gcc": 2.0722869999999998,
      "40_unary_op-gcc": 1.844783,
      "41_unary_op2-gcc": 2.016037,
      "42_empty_stmt-gcc": 1.806033,
      "43_logi_assign-gcc": 1.9777850000000001,
      "44_stmt_expr-gcc": 2.0135370000000004,
      "45_comment1-gcc": 1.809533,
      "46_hex_defn-gcc": 1.8125330000000002,
      "47_hex_oct_add-gcc": 1.776032,
      "48_assign_complex_expr-gcc": 2.009536,
      "49_if_complex_expr-gcc": 2.075537,
      "50_short_circuit-gcc": 1.997786,
      "51_short_circuit3-gcc": 2.019786,
      "52_scope-gcc": 2.274791,
      "53_scope2-gcc": 2.030287,
      "54_hidden_var-gcc": 2.0452869999999996,
      "55_sort_test1-gcc": 2.050537,
      "57_sort_test3-gcc": 2.0870379999999997,
      "58_sort_test4-gcc": 2.035787,
      "59_sort_test5-gcc": 2.040287,
      "60_sort_test6-gcc": 1.991786,
      "61_sort_test7-gcc": 2.146289,
      "62_percolation-gcc": 2.020787,
      "63_big_int_mul-gcc": 2.007286,
      "64_calculator-gcc": 2.076038,
      "65_color-gcc": 118.222388,
      "66_exgcd-gcc": 1.992036,
      "67_reverse_output-gcc": 2.1520390000000003,
      "68_brainfk-gcc": 3.008554,
      "69_expr_eval-gcc": 2.0805379999999998,
      "70_dijkstra-gcc": 2.049287,
      "71_full_conn-gcc": 2.097788,
      "72_hanoi-gcc": 2.568547,
      "73_int_io-gcc": 2.016537,
      "74_kmp-gcc": 2.026036,
      "75_max_flow-gcc": 2.037537,
      "76_n_queens-gcc": 2.616047,
      "77_substr-gcc": 1.992786,
      "78_side_effect-gcc": 2.023286,
      "79_var_name-gcc": 2.014037,
      "80_chaos_token-gcc": 2.027286,
      "81_skip_spaces-gcc": 2.136288,
      "82_long_func-gcc": 2.606548,
      "83_long_array-gcc": 2.973803,
      "84_long_array2-gcc": 2.043037,
      "85_long_code-gcc": 2.1217889999999997,
      "86_long_code2-gcc": 1.825033,
      "87_many_params-gcc": 2.1705389999999998,
      "88_many_params2-gcc": 2.086788,
      "89_many_globals-gcc": 2.000786,
      "90_many_locals-gcc": 2.0190360000000003,
      "91_many_locals2-gcc": 2.0450369999999998,
      "92_register_alloc-gcc": 2.039287,
      "93_nested_calls-gcc": 1.996536,
      "94_nested_loops-gcc": 2.290042,
      "95_float-gcc": 2.073788,
      "96_matrix_add-gcc": 2.023536,
      "97_matrix_sub-gcc": 2.0322869999999997,
      "98_matrix_mul-gcc": 2.025787,
      "99_matrix_tran-gcc": 2.039037,
      "56_sort_test2-gcc": 2.0050369999999997
    },
    "./testcases/performance": {
      "01_mm1-gcc": 7220.731605,
      "01_mm2-gcc": 6331.643634999999,
      "01_mm3-gcc": 4798.932444,
      "03_sort1-gcc": 894.5685490000001,
      "03_sort2-gcc": 19856.073894,
      "03_sort3-gcc": 3423.938876,
      "04_spmv1-gcc": 11148.274564,
      "04_spmv2-gcc": 6693.6979089999995,
      "04_spmv3-gcc": 3897.9669860000004,
      "fft0-gcc": 3687.5451460000004,
      "fft1-gcc": 7975.417692999999,
      "fft2-gcc": 7587.668855999999,
      "gameoflife-gosper-gcc": 12916.673303,
      "gameoflife-oscillator-gcc": 10662.278993,
      "gameoflife-p61glidergun-gcc": 10701.533676000001,
      "if-combine1-gcc": 2.418294,
      "if-combine2-gcc": 2.087037,
      "if-combine3-gcc": 2.097788,
      "large_loop_array_1-gcc": 4801.646081999999,
      "large_loop_array_2-gcc": 9313.474126,
      "large_loop_array_3-gcc": 4727.162964,
      "matmul1-gcc": 3764.587442,
      "matmul2-gcc": 3732.112086,
      "matmul3-gcc": 3722.06239,
      "recursive_call_1-gcc": 2.643548,
      "recursive_call_2-gcc": 5.310846,
      "recursive_call_3-gcc": 12.350225,
      "shuffle0-gcc": 10754.832664,
      "shuffle1-gcc": 14822.870561,
      "shuffle2-gcc": 16580.514863,
      "sl1-gcc": 6299.212192999999,
      "sl2-gcc": 2216.165262,
      "sl3-gcc": 1047.365527,
      "transpose0-gcc": 5472.367166,
      "transpose1-gcc": 5479.153786999999,
      "transpose2-gcc": 13087.484741
    },
    "./testcases/h_performance": {
      "h-1-01-gcc": 26985.275698999998,
      "h-1-02-gcc": 2358.3627109999998,
      "h-1-03-gcc": 13023.885129,
      "h-2-01-gcc": 12019.231944,
      "h-2-02-gcc": 11869.366989,
      "h-2-03-gcc": 15544.160313999999,
      "h-3-01-gcc": 9197.638109,
      "h-3-02-gcc": 9279.828851999999,
      "h-3-03-gcc": 9308.966134,
      "h-4-01-gcc": 3434.461466,
      "h-4-02-gcc": 11368.926957,
      "h-4-03-gcc": 21045.422766000003,
      "h-5-01-gcc": 23516.315548000002,
      "h-5-02-gcc": 25103.318817000003,
      "h-5-03-gcc": 23365.665349,
      "h-6-01-gcc": 4207.153978,
      "h-6-02-gcc": 6313.2538890000005,
      "h-6-03-gcc": 8520.392133,
      "h-7-01-gcc": 2549.569696,
      "h-8-01-gcc": 13650.457339999999,
      "h-8-02-gcc": 13628.578448,
      "h-8-03-gcc": 13725.854714000001
    },
    "/home/chenyinghao/testdata/functional": {
      "00_main-gcc": 1.782283,
      "01_var_defn2-gcc": 1.817783,
      "02_var_defn3-gcc": 1.7530320000000001,
      "03_arr_defn2-gcc": 1.787283,
      "04_arr_defn3-gcc": 1.8050329999999999,
      "05_arr_defn4-gcc": 1.835033,
      "06_const_var_defn2-gcc": 1.797283,
      "07_const_var_defn3-gcc": 1.780533,
      "08_const_array_defn-gcc": 1.797283,
      "09_func_defn-gcc": 1.847784,
      "10_var_defn_func-gcc": 1.956785,
      "11_add2-gcc": 1.805032,
      "12_addc-gcc": 1.785033,
      "13_sub2-gcc": 1.7770329999999999,
      "14_subc-gcc": 2.046287,
      "15_mul-gcc": 1.769282,
      "16_mulc-gcc": 1.793283,
      "17_div-gcc": 1.882034,
      "18_divc-gcc": 1.812282,
      "19_mod-gcc": 1.804532,
      "20_rem-gcc": 1.788782,
      "21_if_test2-gcc": 1.9800360000000001,
      "22_if_test3-gcc": 1.788033,
      "23_if_test4-gcc": 1.791283,
      "24_if_test5-gcc": 1.7827819999999999,
      "25_while_if-gcc": 1.982036,
      "26_while_test1-gcc": 1.799532,
      "27_while_test2-gcc": 1.807032,
      "28_while_test3-gcc": 1.808282,
      "29_break-gcc": 1.814033,
      "30_continue-gcc": 1.7777820000000002,
      "31_while_if_test1-gcc": 2.049537,
      "32_while_if_test2-gcc": 1.784032,
      "33_while_if_test3-gcc": 1.7635319999999999,
      "34_arr_expr_len-gcc": 1.8470330000000001,
      "35_op_priority1-gcc": 1.804532,
      "36_op_priority2-gcc": 1.787032,
      "37_op_priority3-gcc": 1.7770329999999999,
      "38_op_priority4-gcc": 2.0105359999999997,
      "39_op_priority5-gcc": 2.0722869999999998,
      "40_unary_op-gcc": 1.844783,
      "41_unary_op2-gcc": 2.016037,
      "42_empty_stmt-gcc": 1.806033,
      "43_logi_assign-gcc": 1.9777850000000001,
      "44_stmt_expr-gcc": 2.0135370000000004,