{"./testcases/functional/": {"00_main-gcc": 2.4352073669433594, "01_var_defn2-gcc": 2.3720264434814453, "02_var_defn3-gcc": 2.3756027221679688, "03_arr_defn2-gcc": 2.3698806762695312, "04_arr_defn3-gcc": 2.3734569549560547, "05_arr_defn4-gcc": 2.3801326751708984, "06_const_var_defn2-gcc": 2.382993698120117, "07_const_var_defn3-gcc": 2.377748489379883, "08_const_array_defn-gcc": 2.3844242095947266, "09_func_defn-gcc": 2.3894309997558594, "10_var_defn_func-gcc": 2.3925304412841797, "11_add2-gcc": 2.3941993713378906, "12_addc-gcc": 2.37274169921875, "13_sub2-gcc": 2.364635467529297, "14_subc-gcc": 2.4166107177734375, "15_mul-gcc": 2.4290084838867188, "16_mulc-gcc": 2.4106502532958984, "17_div-gcc": 2.413511276245117, "18_divc-gcc": 2.4261474609375, "19_mod-gcc": 2.386808395385742, "20_rem-gcc": 2.4192333221435547, "21_if_test2-gcc": 2.4318695068359375, "22_if_test3-gcc": 2.384662628173828, "23_if_test4-gcc": 2.413511276245117, "24_if_test5-gcc": 2.4156570434570312, "25_while_if-gcc": 2.4416446685791016, "26_while_test1-gcc": 2.50244140625, "27_while_test2-gcc": 2.440214157104492, "28_while_test3-gcc": 2.418041229248047, "29_break-gcc": 2.4013519287109375, "30_continue-gcc": 2.3984909057617188, "31_while_if_test1-gcc": 2.417325973510742, "32_while_if_test2-gcc": 2.4347305297851562, "33_while_if_test3-gcc": 2.4476051330566406, "34_arr_expr_len-gcc": 2.38800048828125, "35_op_priority1-gcc": 2.4175643920898438, "36_op_priority2-gcc": 2.3925304412841797, "37_op_priority3-gcc": 2.4242401123046875, "38_op_priority4-gcc": 2.4814605712890625, "39_op_priority5-gcc": 2.4094581604003906, "40_unary_op-gcc": 2.392292022705078, "41_unary_op2-gcc": 2.4216175079345703, "42_empty_stmt-gcc": 2.3784637451171875, "43_logi_assign-gcc": 2.5780200958251953, "44_stmt_expr-gcc": 2.4039745330810547, "45_comment1-gcc": 2.411365509033203, "46_hex_defn-gcc": 2.4023056030273438, "47_hex_oct_add-gcc": 2.4480819702148438, "48_assign_complex_expr-gcc": 2.3932456970214844, "49_if_complex_expr-gcc": 2.420663833618164, "50_short_circuit-gcc": 2.5110244750976562, "51_short_circuit3-gcc": 2.471446990966797, "52_scope-gcc": 2.386808395385742, "53_scope2-gcc": 2.428293228149414, "54_hidden_var-gcc": 2.443552017211914, "55_sort_test1-gcc": 2.6702880859375, "56_sort_test2-gcc": 2.3996829986572266, "57_sort_test3-gcc": 2.4225711822509766, "58_sort_test4-gcc": 2.473115921020508, "59_sort_test5-gcc": 2.628803253173828, "60_sort_test6-gcc": 2.4254322052001953, "61_sort_test7-gcc": 2.529621124267578, "62_percolation-gcc": 2.5441646575927734, "63_big_int_mul-gcc": 2.445220947265625, "64_calculator-gcc": 2.509593963623047, "65_color-gcc": 116.21761322021484, "66_exgcd-gcc": 2.4385452270507812, "67_reverse_output-gcc": 2.522706985473633, "68_brainfk-gcc": 4.587650299072266, "69_expr_eval-gcc": 2.668619155883789, "70_dijkstra-gcc": 2.505779266357422, "71_full_conn-gcc": 2.5665760040283203, "72_hanoi-gcc": 4.590034484863281, "73_int_io-gcc": 2.664327621459961, "74_kmp-gcc": 2.7151107788085938, "75_max_flow-gcc": 2.871274948120117, "76_n_queens-gcc": 4.580974578857422, "77_substr-gcc": 2.450704574584961, "78_side_effect-gcc": 2.6252269744873047, "79_var_name-gcc": 2.7098655700683594, "80_chaos_token-gcc": 2.6197433471679688, "81_skip_spaces-gcc": 2.5031566619873047, "82_long_func-gcc": 4.525184631347656, "83_long_array-gcc": 4.595279693603516, "84_long_array2-gcc": 2.688884735107422, "85_long_code-gcc": 2.4428367614746094, "86_long_code2-gcc": 2.420663833618164, "87_many_params-gcc": 2.5415420532226562, "88_many_params2-gcc": 2.4192333221435547, "89_many_globals-gcc": 2.4781227111816406, "90_many_locals-gcc": 2.4068355560302734, "91_many_locals2-gcc": 2.5131702423095703, "92_register_alloc-gcc": 2.558469772338867, "93_nested_calls-gcc": 2.5517940521240234, "94_nested_loops-gcc": 2.5124549865722656}, "./testcases/performance/": {"00_bitset1-gcc": 465.6977653503418, "00_bitset2-gcc": 916.5329933166504, "00_bitset3-gcc": 1367.5997257232666, "01_mm1-gcc": 7136.978387832642, "01_mm2-gcc": 6335.100412368774, "01_mm3-gcc": 4831.04395866394, "02_mv1-gcc": 4682.159900665283, "02_mv2-gcc": 3327.195167541504, "03_sort1-gcc": 918.0285930633545, "04_spmv2-gcc": 6390.8984661102295, "04_spmv3-gcc": 3880.037784576416, "brainfuck-bootstrap-gcc": 11987.257957458496, "brainfuck-mandelbrot-nerf-gcc": 38535.93373298645, "brainfuck-pi-nerf-gcc": 2018.7904834747314, "conv0-gcc": 65537.7049446106, "conv1-gcc": 52323.74453544617, "crypto-1-gcc": 1367.8572177886963, "crypto-2-gcc": 1167.1903133392334, "crypto-3-gcc": 1568.0813789367676, "dead-code-elimination-1-gcc": 2.474069595336914, "dead-code-elimination-2-gcc": 2.5687217712402344, "dead-code-elimination-3-gcc": 2.475738525390625, "fft0-gcc": 3722.4650382995605, "fft1-gcc": 7830.96718788147, "fft2-gcc": 7630.676507949829, "floyd-0-gcc": 2.481698989868164, "floyd-1-gcc": 32.90438652038574, "floyd-2-gcc": 5485.222816467285, "gameoflife-gosper-gcc": 12889.039039611816, "gameoflife-oscillator-gcc": 10384.711503982544, "gameoflife-p61glidergun-gcc": 10986.825227737427, "hoist-1-gcc": 2.477884292602539, "hoist-2-gcc": 2.700328826904297, "hoist-3-gcc": 2.6314258575439453, "instruction-combining-1-gcc": 2.4938583374023438, "instruction-combining-2-gcc": 2.580404281616211, "instruction-combining-3-gcc": 2.494335174560547, "median0-gcc": 3221.3897705078125, "median1-gcc": 115.44966697692871, "median2-gcc": 16295.562982559204, "shuffle0-gcc": 9484.84754562378, "sl1-gcc": 6197.641372680664, "sl2-gcc": 2177.0718097686768, "sl3-gcc": 1020.9996700286865, "stencil0-gcc": 416.5060520172119, "stencil1-gcc": 868.1139945983887, "transpose0-gcc": 5492.481470108032, "transpose1-gcc": 5492.100715637207, "transpose2-gcc": 13072.927713394165}, "./testcases/all_performance/": {"00_bitset1-gcc": 466.1226272583008, "00_bitset2-gcc": 916.8093204498291, "00_bitset3-gcc": 1417.7322387695312, "01_mm1-gcc": 7137.645721435547, "01_mm2-gcc": 6485.798120498657, "01_mm3-gcc": 4830.3468227386475, "02_mv1-gcc": 4682.941913604736, "02_mv2-gcc": 3377.2921562194824, "03_sort1-gcc": 917.7384376525879, "04_spmv2-gcc": 6492.650270462036, "04_spmv3-gcc": 3830.0819396972656, "brainfuck-bootstrap-gcc": 10484.291791915894, "brainfuck-mandelbrot-nerf-gcc": 36131.593227386475, "brainfuck-pi-nerf-gcc": 2018.8403129577637, "conv0-gcc": 65688.25364112854, "conv1-gcc": 51520.32732963562, "crypto-1-gcc": 1417.4902439117432, "crypto-2-gcc": 1167.027473449707, "crypto-3-gcc": 1567.7974224090576, "dead-code-elimination-1-gcc": 2.4785995483398438, "dead-code-elimination-2-gcc": 2.4983882904052734, "dead-code-elimination-3-gcc": 2.4826526641845703, "fft0-gcc": 3672.4307537078857, "fft1-gcc": 8081.419944763184, "fft2-gcc": 7480.352878570557, "floyd-0-gcc": 2.465486526489258, "floyd-1-gcc": 33.09965133666992, "floyd-2-gcc": 5536.908864974976, "gameoflife-gosper-gcc": 12588.142156600952, "gameoflife-oscillator-gcc": 10684.969663619995, "gameoflife-p61glidergun-gcc": 11010.228395462036, "hoist-1-gcc": 2.460956573486328, "hoist-2-gcc": 2.477884292602539, "hoist-3-gcc": 2.460956573486328, "instruction-combining-1-gcc": 2.571582794189453, "instruction-combining-2-gcc": 2.4764537811279297, "instruction-combining-3-gcc": 2.549886703491211, "median0-gcc": 3221.0679054260254, "median1-gcc": 115.59247970581055, "median2-gcc": 16295.449256896973, "shuffle0-gcc": 9485.071897506714, "sl1-gcc": 6346.623420715332, "sl2-gcc": 2176.710605621338, "sl3-gcc": 1021.4896202087402, "stencil0-gcc": 416.47839546203613, "stencil1-gcc": 868.0362701416016, "transpose0-gcc": 5490.505933761597, "transpose1-gcc": 5440.926313400269, "transpose2-gcc": 13072.789907455444}}