{"./testcases/functional/": {"00_main-gcc": 2.3605823516845703, "01_var_defn2-gcc": 2.3822784423828125, "02_var_defn3-gcc": 2.3741722106933594, "03_arr_defn2-gcc": 2.3603439331054688, "04_arr_defn3-gcc": 2.392292022705078, "05_arr_defn4-gcc": 2.6721954345703125, "06_const_var_defn2-gcc": 2.399444580078125, "07_const_var_defn3-gcc": 2.3756027221679688, "08_const_array_defn-gcc": 2.371072769165039, "09_func_defn-gcc": 2.3696422576904297, "10_var_defn_func-gcc": 2.4156570434570312, "11_add2-gcc": 2.369403839111328, "12_addc-gcc": 2.3856163024902344, "13_sub2-gcc": 2.3860931396484375, "14_subc-gcc": 2.380847930908203, "15_mul-gcc": 2.3736953735351562, "16_mulc-gcc": 2.401590347290039, "17_div-gcc": 2.4068355560302734, "18_divc-gcc": 2.3784637451171875, "19_mod-gcc": 2.4051666259765625, "20_rem-gcc": 2.4106502532958984, "21_if_test2-gcc": 2.4194717407226562, "22_if_test3-gcc": 2.4008750915527344, "23_if_test4-gcc": 2.378225326538086, "24_if_test5-gcc": 2.414226531982422, "25_while_if-gcc": 2.415180206298828, "26_while_test1-gcc": 2.408742904663086, "27_while_test2-gcc": 2.444744110107422, "28_while_test3-gcc": 2.4085044860839844, "29_break-gcc": 2.402067184448242, "30_continue-gcc": 2.4182796478271484, "31_while_if_test1-gcc": 2.404451370239258, "32_while_if_test2-gcc": 2.4008750915527344, "33_while_if_test3-gcc": 2.388477325439453, "34_arr_expr_len-gcc": 2.429962158203125, "35_op_priority1-gcc": 2.416849136352539, "36_op_priority2-gcc": 2.405405044555664, "37_op_priority3-gcc": 2.4023056030273438, "38_op_priority4-gcc": 2.51007080078125, "39_op_priority5-gcc": 2.3849010467529297, "40_unary_op-gcc": 2.361297607421875, "41_unary_op2-gcc": 2.404451370239258, "42_empty_stmt-gcc": 2.406597137451172, "43_logi_assign-gcc": 2.516031265258789, "44_stmt_expr-gcc": 2.424955368041992, "45_comment1-gcc": 2.393484115600586, "46_hex_defn-gcc": 2.385377883911133, "47_hex_oct_add-gcc": 2.389669418334961, "48_assign_complex_expr-gcc": 2.3937225341796875, "49_if_complex_expr-gcc": 2.4046897888183594, "50_short_circuit-gcc": 2.4919509887695312, "51_short_circuit3-gcc": 2.4068355560302734, "52_scope-gcc": 2.4411678314208984, "53_scope2-gcc": 2.4099349975585938, "54_hidden_var-gcc": 2.4013519287109375, "55_sort_test1-gcc": 2.4123191833496094, "56_sort_test2-gcc": 2.424478530883789, "57_sort_test3-gcc": 2.4199485778808594, "58_sort_test4-gcc": 2.403736114501953, "59_sort_test5-gcc": 2.6311874389648438, "60_sort_test6-gcc": 2.4139881134033203, "61_sort_test7-gcc": 2.468585968017578, "62_percolation-gcc": 2.488851547241211, "63_big_int_mul-gcc": 2.5680065155029297, "64_calculator-gcc": 2.7496814727783203, "65_color-gcc": 166.45026206970215, "66_exgcd-gcc": 2.4008750915527344, "67_reverse_output-gcc": 2.5377273559570312, "68_brainfk-gcc": 4.587411880493164, "69_expr_eval-gcc": 2.501964569091797, "70_dijkstra-gcc": 2.482891082763672, "71_full_conn-gcc": 2.640247344970703, "72_hanoi-gcc": 4.6215057373046875, "73_int_io-gcc": 2.5315284729003906, "74_kmp-gcc": 2.4890899658203125, "75_max_flow-gcc": 2.4938583374023438, "76_n_queens-gcc": 4.610300064086914, "77_substr-gcc": 2.4864673614501953, "78_side_effect-gcc": 2.4232864379882812, "79_var_name-gcc": 2.4094581604003906, "80_chaos_token-gcc": 2.4051666259765625, "81_skip_spaces-gcc": 2.6519298553466797, "82_long_func-gcc": 4.500865936279297, "83_long_array-gcc": 4.530191421508789, "84_long_array2-gcc": 2.409696578979492, "85_long_code-gcc": 2.386331558227539, "86_long_code2-gcc": 2.383708953857422, "87_many_params-gcc": 2.5072097778320312, "88_many_params2-gcc": 2.423524856567383, "89_many_globals-gcc": 2.4042129516601562, "90_many_locals-gcc": 2.4106502532958984, "91_many_locals2-gcc": 2.499103546142578, "92_register_alloc-gcc": 2.492666244506836, "93_nested_calls-gcc": 2.583742141723633, "94_nested_loops-gcc": 4.6291351318359375}, "./testcases/functional": {"00_main-gcc": 1.8267820000000001, "01_var_defn2-gcc": 1.798032, "02_var_defn3-gcc": 1.7642820000000001, "03_arr_defn2-gcc": 1.757282, "04_arr_defn3-gcc": 1.810783, "05_arr_defn4-gcc": 1.786033, "06_const_var_defn2-gcc": 1.7455319999999999, "07_const_var_defn3-gcc": 1.769282, "08_const_array_defn-gcc": 1.806283, "09_func_defn-gcc": 1.799283, "10_var_defn_func-gcc": 1.740782, "11_add2-gcc": 5.608601, "12_addc-gcc": 1.870784, "13_sub2-gcc": 1.804282, "14_subc-gcc": 1.788282, "15_mul-gcc": 1.780782, "16_mulc-gcc": 1.8342829999999999, "17_div-gcc": 1.786033, "18_divc-gcc": 1.760782, "19_mod-gcc": 1.809283, "20_rem-gcc": 1.838033, "21_if_test2-gcc": 2.3757930000000003, "22_if_test3-gcc": 1.7775320000000001, "23_if_test4-gcc": 1.801033, "24_if_test5-gcc": 1.831283, "25_while_if-gcc": 2.030037, "26_while_test1-gcc": 1.7970329999999999, "27_while_test2-gcc": 1.784032, "28_while_test3-gcc": 1.852784, "29_break-gcc": 1.826533, "30_continue-gcc": 1.805282, "31_while_if_test1-gcc": 1.784532, "32_while_if_test2-gcc": 1.831783, "33_while_if_test3-gcc": 1.8182829999999999, "34_arr_expr_len-gcc": 1.741781, "35_op_priority1-gcc": 1.808532, "36_op_priority2-gcc": 1.7982829999999999, "37_op_priority3-gcc": 1.760532, "38_op_priority4-gcc": 2.0450369999999998, "39_op_priority5-gcc": 2.103288, "40_unary_op-gcc": 1.813783, "41_unary_op2-gcc": 2.075037, "42_empty_stmt-gcc": 1.7442819999999999, "43_logi_assign-gcc": 1.957786, "44_stmt_expr-gcc": 1.9847860000000002, "45_comment1-gcc": 1.794032, "46_hex_defn-gcc": 1.7827819999999999, "47_hex_oct_add-gcc": 1.8455329999999999, "48_assign_complex_expr-gcc": 2.0662879999999997, "49_if_complex_expr-gcc": 2.034537, "50_short_circuit-gcc": 2.087788, "51_short_circuit3-gcc": 2.027536, "52_scope-gcc": 2.031537, "53_scope2-gcc": 2.047287, "54_hidden_var-gcc": 1.9887860000000002, "55_sort_test1-gcc": 2.043287, "56_sort_test2-gcc": 2.013036, "57_sort_test3-gcc": 2.087288, "58_sort_test4-gcc": 2.062037, "59_sort_test5-gcc": 2.126788, "60_sort_test6-gcc": 2.030036, "61_sort_test7-gcc": 2.105788, "62_percolation-gcc": 2.0050369999999997, "63_big_int_mul-gcc": 2.0645379999999998, "64_calculator-gcc": 2.049037, "65_color-gcc": 134.654428, "66_exgcd-gcc": 1.9900360000000001, "67_reverse_output-gcc": 2.19929, "68_brainfk-gcc": 3.096556, "69_expr_eval-gcc": 2.079037, "70_dijkstra-gcc": 2.047037, "71_full_conn-gcc": 2.065788, "72_hanoi-gcc": 2.5780469999999998, "73_int_io-gcc": 2.059538, "74_kmp-gcc": 2.019786, "75_max_flow-gcc": 2.047037, "76_n_queens-gcc": 2.597297, "77_substr-gcc": 2.021036, "78_side_effect-gcc": 2.060037, "79_var_name-gcc": 2.048537, "80_chaos_token-gcc": 2.059037, "81_skip_spaces-gcc": 1.999286, "82_long_func-gcc": 2.5977970000000004, "83_long_array-gcc": 3.7138169999999997, "84_long_array2-gcc": 2.032037, "85_long_code-gcc": 2.133789, "86_long_code2-gcc": 1.791532, "87_many_params-gcc": 2.044537, "88_many_params2-gcc": 2.109288, "89_many_globals-gcc": 2.426044, "90_many_locals-gcc": 2.029286, "91_many_locals2-gcc": 2.0675369999999997, "92_register_alloc-gcc": 2.057287, "93_nested_calls-gcc": 2.0192859999999997, "94_nested_loops-gcc": 2.4925450000000002, "95_float-gcc": 2.107538, "96_matrix_add-gcc": 2.020787, "97_matrix_sub-gcc": 2.0012860000000003, "98_matrix_mul-gcc": 2.035787, "99_matrix_tran-gcc": 1.9947860000000002}, "./testcases/performance": {"01_mm1-gcc": 7631.323339, "01_mm2-gcc": 6803.274159, "01_mm3-gcc": 5186.520009, "03_sort1-gcc": 1710.225084, "03_sort2-gcc": 33369.43212, "03_sort3-gcc": 6220.162643, "04_spmv1-gcc": 11541.44958, "04_spmv2-gcc": 6785.010076, "04_spmv3-gcc": 4111.727629999999, "fft0-gcc": 10618.439688, "fft1-gcc": 22254.440719000002, "fft2-gcc": 21837.055192, "gameoflife-gosper-gcc": 11898.556764, "gameoflife-oscillator-gcc": 9391.958323, "gameoflife-p61glidergun-gcc": 10176.994726, "if-combine1-gcc": 6667.906212, "if-combine2-gcc": 9981.672702999998, "if-combine3-gcc": 16647.963135, "large_loop_array_1-gcc": 3436.5167039999997, "large_loop_array_2-gcc": 6879.255521, "large_loop_array_3-gcc": 3835.351645, "matmul1-gcc": 29206.770045999998, "matmul2-gcc": 29231.107484, "matmul3-gcc": 29277.122061000002,