{"./testcases/functional/": {"00_main-gcc": 2.3605823516845703, "01_var_defn2-gcc": 2.3822784423828125, "02_var_defn3-gcc": 2.3741722106933594, "03_arr_defn2-gcc": 2.3603439331054688, "04_arr_defn3-gcc": 2.392292022705078, "05_arr_defn4-gcc": 2.6721954345703125, "06_const_var_defn2-gcc": 2.399444580078125, "07_const_var_defn3-gcc": 2.3756027221679688, "08_const_array_defn-gcc": 2.371072769165039, "09_func_defn-gcc": 2.3696422576904297, "10_var_defn_func-gcc": 2.4156570434570312, "11_add2-gcc": 2.369403839111328, "12_addc-gcc": 2.3856163024902344, "13_sub2-gcc": 2.3860931396484375, "14_subc-gcc": 2.380847930908203, "15_mul-gcc": 2.3736953735351562, "16_mulc-gcc": 2.401590347290039, "17_div-gcc": 2.4068355560302734, "18_divc-gcc": 2.3784637451171875, "19_mod-gcc": 2.4051666259765625, "20_rem-gcc": 2.4106502532958984, "21_if_test2-gcc": 2.4194717407226562, "22_if_test3-gcc": 2.4008750915527344, "23_if_test4-gcc": 2.378225326538086, "24_if_test5-gcc": 2.414226531982422, "25_while_if-gcc": 2.415180206298828, "26_while_test1-gcc": 2.408742904663086, "27_while_test2-gcc": 2.444744110107422, "28_while_test3-gcc": 2.4085044860839844, "29_break-gcc": 2.402067184448242, "30_continue-gcc": 2.4182796478271484, "31_while_if_test1-gcc": 2.404451370239258, "32_while_if_test2-gcc": 2.4008750915527344, "33_while_if_test3-gcc": 2.388477325439453, "34_arr_expr_len-gcc": 2.429962158203125, "35_op_priority1-gcc": 2.416849136352539, "36_op_priority2-gcc": 2.405405044555664, "37_op_priority3-gcc": 2.4023056030273438, "38_op_priority4-gcc": 2.51007080078125, "39_op_priority5-gcc": 2.3849010467529297, "40_unary_op-gcc": 2.361297607421875, "41_unary_op2-gcc": 2.404451370239258, "42_empty_stmt-gcc": 2.406597137451172, "43_logi_assign-gcc": 2.516031265258789, "44_stmt_expr-gcc": 2.424955368041992, "45_comment1-gcc": 2.393484115600586, "46_hex_defn-gcc": 2.385377883911133, "47_hex_oct_add-gcc": 2.389669418334961, "48_assign_complex_expr-gcc": 2.3937225341796875, "49_if_complex_expr-gcc": 2.4046897888183594, "50_short_circuit-gcc": 2.4919509887695312, "51_short_circuit3-gcc": 2.4068355560302734, "52_scope-gcc": 2.4411678314208984, "53_scope2-gcc": 2.4099349975585938, "54_hidden_var-gcc": 2.4013519287109375, "55_sort_test1-gcc": 2.4123191833496094, "56_sort_test2-gcc": 2.424478530883789, "57_sort_test3-gcc": 2.4199485778808594, "58_sort_test4-gcc": 2.403736114501953, "59_sort_test5-gcc": 2.6311874389648438, "60_sort_test6-gcc": 2.4139881134033203, "61_sort_test7-gcc": 2.468585968017578, "62_percolation-gcc": 2.488851547241211, "63_big_int_mul-gcc": 2.5680065155029297, "64_calculator-gcc": 2.7496814727783203, "65_color-gcc": 166.45026206970215, "66_exgcd-gcc": 2.4008750915527344, "67_reverse_output-gcc": 2.5377273559570312, "68_brainfk-gcc": 4.587411880493164, "69_expr_eval-gcc": 2.501964569091797, "70_dijkstra-gcc": 2.482891082763672, "71_full_conn-gcc": 2.640247344970703, "72_hanoi-gcc": 4.6215057373046875, "73_int_io-gcc": 2.5315284729003906, "74_kmp-gcc": 2.4890899658203125, "75_max_flow-gcc": 2.4938583374023438, "76_n_queens-gcc": 4.610300064086914, "77_substr-gcc": 2.4864673614501953, "78_side_effect-gcc": 2.4232864379882812, "79_var_name-gcc": 2.4094581604003906, "80_chaos_token-gcc": 2.4051666259765625, "81_skip_spaces-gcc": 2.6519298553466797, "82_long_func-gcc": 4.500865936279297, "83_long_array-gcc": 4.530191421508789, "84_long_array2-gcc": 2.409696578979492, "85_long_code-gcc": 2.386331558227539, "86_long_code2-gcc": 2.383708953857422, "87_many_params-gcc": 2.5072097778320312, "88_many_params2-gcc": 2.423524856567383, "89_many_globals-gcc": 2.4042129516601562, "90_many_locals-gcc": 2.4106502532958984, "91_many_locals2-gcc": 2.499103546142578, "92_register_alloc-gcc": 2.492666244506836, "93_nested_calls-gcc": 2.583742141723633, "94_nested_loops-gcc": 4.6291351318359375}}