{"./testcases/functional": {"00_main-gcc": 7.783412933349609, "01_var_defn2-gcc": 7.766246795654297, "02_var_defn3-gcc": 7.820606231689453, "03_arr_defn2-gcc": 7.857084274291992, "04_arr_defn3-gcc": 7.965803146362305, "05_arr_defn4-gcc": 7.847785949707031, "06_const_var_defn2-gcc": 8.254528045654297, "07_const_var_defn3-gcc": 8.550167083740234, "08_const_array_defn-gcc": 7.843255996704102, "09_func_defn-gcc": 7.910251617431641, "10_var_defn_func-gcc": 7.867097854614258, "11_add2-gcc": 7.808446884155273, "12_addc-gcc": 7.9059600830078125, "13_sub2-gcc": 7.867574691772461, "14_subc-gcc": 7.943630218505859, "15_mul-gcc": 7.839202880859375, "16_mulc-gcc": 7.915258407592773, "17_div-gcc": 7.841825485229492, "18_divc-gcc": 7.897853851318359, "19_mod-gcc": 7.931232452392578, "20_rem-gcc": 7.844686508178711, "22_if_test3-gcc": 7.808923721313477, "23_if_test4-gcc": 7.87806510925293, "24_if_test5-gcc": 7.879018783569336, "26_while_test1-gcc": 7.912635803222656, "27_while_test2-gcc": 7.9059600830078125, "28_while_test3-gcc": 7.853269577026367, "29_break-gcc": 7.91478157043457, "30_continue-gcc": 7.918357849121094, "31_while_if_test1-gcc": 7.989406585693359, "32_while_if_test2-gcc": 7.868051528930664, "33_while_if_test3-gcc": 7.912397384643555, "34_arr_expr_len-gcc": 7.951021194458008, "35_op_priority1-gcc": 7.816076278686523, "36_op_priority2-gcc": 7.830381393432617, "37_op_priority3-gcc": 7.8868865966796875, "40_unary_op-gcc": 7.870197296142578, "42_empty_stmt-gcc": 7.8639984130859375, "45_comment1-gcc": 7.947444915771484, "46_hex_defn-gcc": 7.892131805419922, "47_hex_oct_add-gcc": 7.877111434936523, "86_long_code2-gcc": 7.864952087402344, "21_if_test2-gcc": 7.941961288452148, "25_while_if-gcc": 7.818460464477539, "38_op_priority4-gcc": 7.846593856811523, "39_op_priority5-gcc": 7.827281951904297, "41_unary_op2-gcc": 7.799386978149414, "43_logi_assign-gcc": 7.898807525634766, "44_stmt_expr-gcc": 7.934331893920898, "48_assign_complex_expr-gcc": 7.8372955322265625, "49_if_complex_expr-gcc": 7.944345474243164, "50_short_circuit-gcc": 7.929086685180664, "51_short_circuit3-gcc": 7.86900520324707, "52_scope-gcc": 7.791042327880859, "53_scope2-gcc": 7.950782775878906, "54_hidden_var-gcc": 7.956027984619141, "55_sort_test1-gcc": 7.872104644775391, "56_sort_test2-gcc": 7.821321487426758, "57_sort_test3-gcc": 7.862329483032227, "58_sort_test4-gcc": 7.862567901611328, "59_sort_test5-gcc": 7.842540740966797, "60_sort_test6-gcc": 7.884025573730469, "61_sort_test7-gcc": 7.825136184692383, "62_percolation-gcc": 8.056163787841797, "63_big_int_mul-gcc": 7.965803146362305, "64_calculator-gcc": 7.852315902709961, "65_color-gcc": 64.68629837036133, "66_exgcd-gcc": 7.893800735473633, "67_reverse_output-gcc": 7.88116455078125, "68_brainfk-gcc": 7.81702995300293, "69_expr_eval-gcc": 7.903337478637695, "70_dijkstra-gcc": 7.960081100463867, "71_full_conn-gcc": 7.901668548583984, "72_hanoi-gcc": 8.011817932128906, "73_int_io-gcc": 8.105039596557617, "74_kmp-gcc": 7.938861846923828, "75_max_flow-gcc": 7.911920547485352, "76_n_queens-gcc": 7.977485656738281, "77_substr-gcc": 8.004903793334961, "78_side_effect-gcc": 7.887125015258789, "79_var_name-gcc": 7.875680923461914, "80_chaos_token-gcc": 7.831335067749023, "81_skip_spaces-gcc": 7.815122604370117, "82_long_func-gcc": 7.918596267700195, "83_long_array-gcc": 7.979154586791992, "84_long_array2-gcc": 7.882118225097656, "85_long_code-gcc": 7.884979248046875, "87_many_params-gcc": 7.958173751831055, "88_many_params2-gcc": 7.860898971557617, "89_many_globals-gcc": 7.829904556274414, "90_many_locals-gcc": 7.888317108154297, "91_many_locals2-gcc": 7.86590576171875, "92_register_alloc-gcc": 7.904052734375, "93_nested_calls-gcc": 8.00943374633789, "94_nested_loops-gcc": 7.895708084106445, "96_matrix_add-gcc": 7.92384147644043, "97_matrix_sub-gcc": 8.020639419555664, "98_matrix_mul-gcc": 7.956981658935547, "99_matrix_tran-gcc": 16.127586364746094}, "./testcases/h_functional": {"00_comment2-gcc": 7.809162139892578, "01_multiple_returns-gcc": 7.8220367431640625, "02_ret_in_block-gcc": 7.868766784667969, "03_branch-gcc": 7.929325103759766, "04_break_continue-gcc": 7.922649383544922, "05_param_name-gcc": 7.905006408691406, "06_func_name-gcc": 7.823944091796875, "07_arr_init_nd-gcc": 7.973670959472656, "08_global_arr_init-gcc": 7.866859436035156, "09_BFS-gcc": 32.16409683227539, "10_DFS-gcc": 32.122135162353516, "11_BST-gcc": 7.829427719116211, "12_DSU-gcc": 32.148122787475586, "13_LCA-gcc": 15.974998474121094, "14_dp-gcc": 7.963657379150391, "15_graph_coloring-gcc": 7.886648178100586, "16_k_smallest-gcc": 8.005857467651367, "17_maximal_clique-gcc": 7.796049118041992, "18_prim-gcc": 15.912294387817383, "19_search-gcc": 7.9021453857421875, "20_sort-gcc": 15.958547592163086, "21_union_find-gcc": 16.44420623779297, "22_matrix_multiply-gcc": 7.898807525634766, "23_json-gcc": 165.55142402648926, "24_array_only-gcc": 16.580581665039062, "25_scope3-gcc": 7.910013198852539, "26_scope4-gcc": 7.988452911376953, "27_scope5-gcc": 8.122444152832031, "28_side_effect2-gcc": 7.853507995605469, "31_many_indirections-gcc": 8.134126663208008, "33_multi_branch-gcc": 16.088247299194336, "34_multi_loop-gcc": 2171.229600906372}, "./testcases/performance": {"01_mm1-gcc": 2471.3480472564697, "01_mm2-gcc": 2120.2969551086426, "01_mm3-gcc": 1618.5340881347656, "03_sort1-gcc": 1367.9616451263428, "03_sort2-gcc": 19019.508838653564, "03_sort3-gcc": 3875.725746154785, "04_spmv1-gcc": 2072.0088481903076, "04_spmv2-gcc": 1217.8397178649902, "04_spmv3-gcc": 1518.7492370605469, "fft0-gcc": 4879.579305648804, "fft1-gcc": 11048.449039459229, "fft2-gcc": 11804.859161376953, "gameoflife-gosper-gcc": 5883.38303565979, "gameoflife-oscillator-gcc": 5232.307195663452, "gameoflife-p61glidergun-gcc": 5182.0831298828125, "if-combine1-gcc": 2974.1241931915283, "if-combine2-gcc": 4379.123687744141, "if-combine3-gcc": 8140.888214111328, "large_loop_array_1-gcc": 23788.750171661377, "large_loop_array_2-gcc": 47964.93124961853, "large_loop_array_3-gcc": 19527.74953842163, "matmul1-gcc": 2873.3091354370117, "matmul2-gcc": 2722.69606590271, "matmul3-gcc": 3075.2553939819336, "recursive_call_1-gcc": 28461.188554763794, "recursive_call_2-gcc": 8794.750690460205, "recursive_call_3-gcc": 15166.121244430542, "shuffle0-gcc": 1820.131540298462, "shuffle1-gcc": 2270.923852920532, "shuffle2-gcc": 10446.72679901123, "sl1-gcc": 3125.7591247558594, "sl2-gcc": 1870.3908920288086, "sl3-gcc": 1669.9261665344238, "transpose0-gcc": 1118.4566020965576, "transpose1-gcc": 1419.4138050079346, "transpose2-gcc": 2373.274087905884}, "./testcases/h_performance": {"h-1-01-gcc": 17570.637226104736, "h-1-02-gcc": 1820.4267024993896, "h-1-03-gcc": 8243.663787841797, "h-2-01-gcc": 47314.49604034424, "h-2-02-gcc": 45864.60304260254, "h-4-01-gcc": 1369.0071105957031, "h-4-02-gcc": 4377.638339996338, "h-4-03-gcc": 8141.053199768066, "h-6-01-gcc": 28459.274768829346}}