{"./testcases/functional": {"00_main-gcc": 16.458988189697266, "01_var_defn2-gcc": 8.476734161376953, "02_var_defn3-gcc": 8.432149887084961, "03_arr_defn2-gcc": 8.365631103515625, "04_arr_defn3-gcc": 8.404731750488281, "05_arr_defn4-gcc": 8.482217788696289, "06_const_var_defn2-gcc": 8.525609970092773, "07_const_var_defn3-gcc": 8.440732955932617, "08_const_array_defn-gcc": 8.486270904541016, "09_func_defn-gcc": 8.3770751953125, "10_var_defn_func-gcc": 8.255481719970703, "11_add2-gcc": 8.354902267456055, "12_addc-gcc": 8.383512496948242, "13_sub2-gcc": 8.383989334106445, "14_subc-gcc": 16.62302017211914, "15_mul-gcc": 8.486270904541016, "16_mulc-gcc": 8.45193862915039, "17_div-gcc": 8.290529251098633, "18_divc-gcc": 8.427619934082031, "19_mod-gcc": 8.484363555908203, "20_rem-gcc": 8.460044860839844, "22_if_test3-gcc": 8.339881896972656, "23_if_test4-gcc": 8.474349975585938, "24_if_test5-gcc": 8.34798812866211, "26_while_test1-gcc": 8.464574813842773, "27_while_test2-gcc": 8.394479751586914, "28_while_test3-gcc": 8.284330368041992, "29_break-gcc": 8.37850570678711, "30_continue-gcc": 8.334636688232422, "31_while_if_test1-gcc": 8.340597152709961, "32_while_if_test2-gcc": 8.334159851074219, "33_while_if_test3-gcc": 8.581161499023438, "34_arr_expr_len-gcc": 8.278131484985352, "35_op_priority1-gcc": 8.432149887084961, "36_op_priority2-gcc": 16.518354415893555, "37_op_priority3-gcc": 8.430719375610352, "40_unary_op-gcc": 8.45646858215332, "42_empty_stmt-gcc": 17.696142196655273, "45_comment1-gcc": 8.199930191040039, "46_hex_defn-gcc": 8.295536041259766, "47_hex_oct_add-gcc": 8.330821990966797, "86_long_code2-gcc": 8.096933364868164}}